vendorId;vendorName;deleted
1;3M Health Information Systems;0;;;;
2;4Medica;0;;;;;;;
3;A2iA Corp.;0;;;;;;
4;AbbVie;0;;;;;;;
5;ABEL MEDICAL;0;;;;;;
6;abeo Management Corp;0;;;;;
7;ABRAXAS MERGE ICONNECT;0;;;;;
8;ACA International;0;;;;;;
9;Acaveo;0;;;;;;;
10;AccentCare;0;;;;;;;
11;Accenture;0;;;;;;;
12;Access;0;;;;;;;
13;Accordant, A CVS Caremark Company;0;;
14;Accretive Health;0;;;;;
15;Accruent;0;;;;;;;
16;AccuReg Software;0;;;;;
17;Accusoft;0;;;;;;;
18;Acrendo;0;;;;;;;
19;Acryness, Inc.;0;;;;;;
20;Active Navigation, Inc.;0;;;;;
21;ActualMeds;0;;;;;;;
22;ACUPERA;0;;;;;;;
23;Acusis;0;;;;;;
24;Add-On Data;0;;;;;;
25;ADLINK Technology, Inc.;0;;;;;
26;ADP - Automatic Data Processing;0;;;
27;ADP AdvancedMD;0;;;;;
28;Adreima;0;;;;;;;
29;ADSC MEDICSDOCASSISTANT;0;;;;;;
30;ADVANACHART;0;;;;;;;
31;Advanced ICU Care;0;;;;;
32;Advanced Patient Advocacy;0;;;;;
33;Advantech;0;;;;;;;
34;Advisory Board Company;0;;;;;
35;Aegis;0;;;;;;;
36;Aetna;;0;;;;;;
37;Agfa Healthcare;0;;;;;;
38;AHMS;0;;;;;;;
39;AirStrip;0;;;;;;;
40;Alego Health;0;;;;;;
41;Alere Health;0;;;;;;
42;ALERT EHR;0;;;;;;
43;Allgood Professional Services, LLC;0;;;;
44;Allina Health;0;;;;;;
45;Allmeds;0;;;;;;;
46;Allscripts;;0;;;;;;
47;Alsbridge;0;;;;;;;
48;Altegra Health;0;;;;;
49;Altius Healthcare Consulting Group;0;;;;
50;Altus Incorporated;0;;;;;;
51;Amazing Charts;0;;;;;
52;Amazon Web Services;0;;;;;
53;Ambir Technology Inc.;0;;;;;
54;AMC Health;0;;;;;;
55;American Express;0;;;;;;
56;American Messaging;0;;;;;;
57;American Well;0;;;;;;
58;Amerinet, Inc.;0;;;;;;
59;Amico Accessories Inc;0;;;;;
60;analyticsMD;0;;;;;;;
61;ANASAZI;0;;;;;;;
62;Ancila Health Information Systems, LLC;0;;;
63;Angiology Corporation of America;0;;;;
64;Anthelio Healthcare;0;;;;;
65;Anthem;0;;;;;;;
66;Anton/Bauer;0;;;;;;;
67;Aon Hewitt;0;;;;;
68;Apelon, Inc.;0;;;;;;
69;Apervita Inc;0;;;;;;
70;Apex Systems;0;;;;;;
71;API Healthcare;0;;;;;
72;Apollo Medical Management;0;;;;;
73;Appian;0;;;;;;;
74;Apple;0;;;;;;;
75;Applied Informatics;0;;;;;;
76;Applied Pathways;0;;;;;;
77;Applied Pilotfish Healthcare Integration;0;;;;
78;AppSense;0;;;;;;;
79;Appstem;0;;;;;;;
80;Aprima;0;;;;;;
81;Aptus Health;0;;;;;;
82;Aramark;0;;;;;;;
83;ArborMetrix, Inc.;0;;;;;;
84;ARC Healthcare Technologies;0;;;;;
85;Arcadia Healthcare Solutions;0;;;;;
86;ARGO;0;;;;;;;
87;Arista Corporation;0;;;;;;
88;Aristo;0;;;;;;;
89;ARMCO Partners;0;;;;;;
90;Armor;0;;;;;;;
91;Artificial Medical Intelligence, Inc.;0;;;;
92;Ascendian Healthcare Consulting;0;;;;;
93;Ascom (US) Inc.;0;;;;;
94;Aspen Advisors;0;;;;;
95;Aspyra;;0;;;;;;
96;Asset Services, Inc.;0;;;;;
97;AssetWorks;;0;;;;;;
98;AT&T;0;;;;;;;
99;athenahealth, Inc.;0;;;;;;
100;Attivo Networks;0;;;;;;
101;Aurotech Corp;0;;;;;;
102;Avadyne Health;0;;;;;;
103;Availity;;0;;;;;;
104;Avantas;;0;;;;;;
105;Avectus Healthcare Solutions;0;;;;;
106;Aver Inc;0;;;;;;
107;Aviacode;0;;;;;;;
108;Awarepoint;;0;;;;;;
109;Ayasdi;0;;;;;;;
110;AYM TECHNOLOGIES ONTARGET;0;;;;;
111;AZALEA HEALTH;0;;;;;;
112;B. Braun;0;;;;;
113;Bantec;0;;;;;;
114;Barco, Inc.;0;;;;;;
115;BaseHealth;0;;;;;;;
116;Battelle;0;;;;;;;
117;Baxter Healthcare;0;;;;;
118;Bayer Healthcare;0;;;;;;
119;BBVA Compass;0;;;;;;
120;BD Medical;0;;;;;;
121;BDO USA;0;;;;;
122;Beacon Partners;0;;;;;;
123;Beckman Coulter;0;;;;;;
124;Becton Dickinson;0;;;;;;
125;BENCHMARK;0;;;;;;;
126;Berg Analytics;0;;;;;
127;Berkeley Research Group, LLC;0;;;;
128;BerryDunn;0;;;;;;;
129;Besler Consulting;0;;;;;;
130;BEWATEC;0;;;;;;;
131;Billian's HealthDATA;0;;;;;;
132;Bisk Education;0;;;;;;
133;Bitglass;0;;;;;;;
134;Bizmatics;0;;;;;;
135;BIZMATICS PROGNOCIS;0;;;;;;
136;BKD;0;;;;;;
137;BKD, LLP;0;;;;;;
138;Black Box Network Services;0;;;;
139;Blue Coat Systems,Inc.;0;;;;
140;Blue Jay Consulting,LLC;0;;;;
141;Bluebird Inc.;0;;;;;;
142;Bluefin Payment Systems;0;;;;;
143;BluePrint Healthcare IT;0;;;;;
144;BlueTree Network;0;;;;;
145;BNY Mellon;0;;;;;;
146;Boardeffect;0;;;;;;;
147;Booth;0;;;;;;
148;Booz Allen Hamilton;0;;;;;
149;Borda Technology;0;;;;;;
150;Boston Scientific;0;;;;;;
151;Bottomline Technologies;0;;;;;;
152;Box;0;;;;;;;
153;BPM Northwest;0;;;;;;
154;Bridgehead Software, Inc.;0;;;;;
155;Brocade Communication System, Inc.;0;;;;
156;Brother Mobile Solutions;0;;;;;
157;Burgess;0;;;;;;;
158;Byte Sized Solutions;0;;;;;
159;ByteGrid;0;;;;;;;
160;CA Technologies;0;;;;;;
161;CACI International Inc;0;;;;;
162;Calpion;0;;;;;;;
163;Camino Information Services;0;;;;;
164;Canon USA, Inc.;0;;;;;
165;Capgemini;0;;;;;;;
166;Capio Partners;0;;;;;;
167;Capsa Solutions;0;;;;;;
168;Capsicohealth, Inc;0;;;;;;
169;Capsule Tech, Inc;0;;;;;
170;CaptureProof;0;;;;;;;
171;CAQH;0;;;;;;;
172;Caradigm;0;;;;;;;
173;Cardinal Health;0;;;;;
174;Cardon Outreach;0;;;;;;
175;Care Evolution;0;;;;;;
176;Care Innovations, an Intel-GE Company;0;;
177;Carebox;0;;;;;;;
178;CareCloud;0;;;;;;;
179;CareDox;0;;;;;;;
180;CareFusion;0;;;;;;;
181;Caremerge;0;;;;;;;
182;CarePayment;0;;;;;;;
183;CareSkore;0;;;;;;;
184;Carestream Health, Inc.;0;;;;;
185;CareSync;0;;;;;;;
186;CareTech Solutions;0;;;;;;
187;CareTracker, Inc.;0;;;;;;
188;Careview Communications, Inc.;0;;;;;
189;Carlson Management Consulting;0;;;;;
190;Case Management Covenants;0;;;;;
191;Cavanaugh Consulting Group;0;;;;;
192;CBCS;0;;;;;;;
193;CBIZ-KA Consulting Services, LLC;0;;;;
194;CDW Healthcare;0;;;;;;
195;Cedar Financial;0;;;;;;
196;CenterX;0;;;;;;;
197;CenTrak, Inc.;0;;;;;;
198;CENTRIHEALTH;0;;;;;;;
199;Cerner;0;;;;;;;
200;CERTICON A.S.;0;;;;;;
201;CERTIFY Global;0;;;;;;
202;CES USA, Inc;0;;;;;
203;CGI;0;;;;;;;
204;CHADIS;0;;;;;;
205;Change Healthcare;0;;;;;;
206;CHARTLOGIC;0;;;;;;;
207;CHARTPLUS;0;;;;;;;
208;ChartWise;;0;;;;;;
209;Chenoa Information Services;0;;;;;
210;Cherwell Software;0;;;;;;
211;Chetu, Inc.;0;;;;;;
212;ChipSoft;0;;;;;;;
213;Ciber;0;;;;;;;
214;CIGNA HealthCare CareAllies;0;;;;
215;CIOX Health;0;;;;;;
216;CipherHealth, LLC;0;;;;;;
217;Cirius Group, Inc.;0;;;;;
218;CirrusMD Inc.;0;;;;;;
219;Cisco Systems, Inc.;0;;;;;
220;Citadel Outsource Group;0;;;;
221;CitiusTech;0;;;;;;;
222;Citra Health Solutions;0;;;;;
223;Citrix;0;;;;;;
224;ClaimRemedi;0;;;;;;;
225;ClaimTECH Solutions Company;0;;;;;
226;ClearBalance;0;;;;;;;
227;ClearData;;0;;;;;;
228;Cleverley & Associates;0;;;;;
229;Client Financial Services - CFS;0;;;
230;Client Outlook Inc.;0;;;;;
231;Clinerion;0;;;;;;;
232;Clinical Architecture, LLC;0;;;;;
233;Clinicloud;0;;;;;;;
234;CLINICMAX;0;;;;;;;
235;CliniComp, Intl.;0;;;;;;
236;ClinicSpectrum Inc.;0;;;;;;
237;Clinigence, LLC;0;;;;;;
238;ClinNext;0;;;;;;;
239;Clinovations;;0;;;;;;
240;Cloudbakers;0;;;;;;;
241;Cloudera;0;;;;;;;
242;CloudMine, Inc.;0;;;;;;
243;CloudWave;0;;;;;;;
244;CMT;0;;;;;;;
245;CoActiv;0;;;;;;
246;Coalfire;0;;;;;;;
247;Code Corporation;0;;;;;;
248;CognitiveScale;0;;;;;;;
249;Cognizant;0;;;;;;
250;Cognosante;0;;;;;;;
251;Cohealo, Inc.;0;;;;;;
252;Collibra;0;;;;;;;
253;Column Technologies;0;;;;;;
254;Commerce Bank;0;;;;;;
255;CommonWell Health Alliance;0;;;;
256;CommVault Americas;0;;;;;;
257;Companion Data Services;0;;;;;
258;Complete.Md;0;;;;;;;
259;CompliancePoint;0;;;;;;;
260;COMPUGROUP;0;;;;;;;
261;CompuGroup Medical;0;;;;;
262;COMPULINK;0;;;;;;;
263;Concur Technologies;0;;;;;;
264;Conexus Solutions, LLC;0;;;;;
265;Conifer Health Solutions;0;;;;;
266;Connance, Inc.;0;;;;;;
267;Connectria Hosting;0;;;;;;
268;Connexall;0;;;;;;;
269;Connexient;0;;;;;;;
270;Conntek Integrated Solutions Inc.;0;;;;
271;Consilink, LLC;0;;;;;;
272;ContextMedia Health;0;;;;;;;
273;Continua Health Alliance;0;;;;;
274;Contour Design, Inc.;0;;;;;
275;ConvergeHEALTH by Deloitte;0;;;;;
276;Convergent;;0;;;;;;
277;Convergys;0;;;;;;;
278;Conversa Health;;0;;;;;
279;CORE Business Technologies;0;;;;;
280;Corepoint Health;0;;;;;;
281;Coretek Services;0;;;;;;
282;Cornerstone Advisors;0;;;;;;
283;Cornerstone OnDemand;0;;;;;;
284;CoverMyMeds;0;;;;;;;
285;Covidien;0;;;;;;;
286;Covisint;0;;;;;;;
287;CPSI;0;;;;;;;
288;Craneware;;0;;;;;;
289;Crimson;;0;;;;;;
290;Crowe Horwath;;0;;;;;
291;Crowe Horwath / CHAN Healthcare;0;;;
292;CSC;0;;;;;;;
293;CSI;0;;;;;;;
294;CSS HEALTH CHARTSMART;0;;;;;
295;CTG;0;;;;;;;
296;CTS Healthcare Services;0;;;;;
297;Curaspan;0;;;;;;;
298;Curatio;0;;;;;;;
299;Cureatr Inc.;0;;;;;;
300;CureMD;0;;;;;;;
301;CVS Health;0;;;;;;
302;Cybage Software, Inc.;0;;;;;
303;CyberGRC;0;;;;;;;
304;Cybernet;0;;;;;;;
305;Cyberscience Corporation;0;;;;;;
306;CYFLUENT CYCHART;0;;;;;;
307;Cylance, Inc.;0;;;;;;
308;Cymetrix;0;;;;;;
309;CynergisTek;0;;;;;;;
310;DataArt;0;;;;;;;
311;DataCore Software;0;;;;;;
312;DataFile Technologies;0;;;;;;
313;Dataiku;0;;;;;;;
314;DataLocker Inc.;0;;;;;;
315;Datalogic ADC;0;;;;;;
316;Datalux Corporation;0;;;;;;
317;Datamotion;0;;;;;;;
318;Datos;0;;;;;;;
319;DaVincian Healthcare, Inc.;0;;;;;
320;DB Networks;0;;;;;;
321;dbMotion Allscripts;0;;;;;
322;DCS Global Systems, Inc.;0;;;;
323;DecisionHealth;0;;;;;;;
324;Dell;0;;;;;;;
325;Deloitte;0;;;;;;
326;Devicelock, Inc.;0;;;;;;
327;DHG Healthcare, Dixon Hughes Goodman;0;;;
328;Diameter Health;0;;;;;;
329;Diamond Healthcare Communications;0;;;;;
330;Dicom Systems;0;;;;;;
331;Dictum Health;0;;;;;;
332;Digicert, Inc.;0;;;;;;
333;DIGICHART;0;;;;;;;
334;Digital Guardian;0;;;;;;
335;Digital Harbor Inc.;0;;;;;
336;Dignity Health;0;;;;;;
337;Dimension Data;0;;;;;;
338;Dimensional Insight;;0;;;;;
339;Dispersive Technologies;0;;;;;;
340;DIVDAT Healthcare Solutions;0;;;;;
341;Divurgent;0;;;;;;;
342;Doc Halo;0;;;;;;
343;Docsnap;0;;;;;;;
344;DOCTORSOFT EHR;0;;;;;;
345;DocuTAP;;0;;;;;;
346;Dolbey;0;;;;;;;
347;Dorado Systems;0;;;;;;
348;Draeger Medical, Inc.;0;;;;;
349;drchrono;;0;;;;;;
350;DrFirst;0;;;;;;;
351;DSS, Inc.;0;;;;;;
352;DST Health;0;;;;;
353;Dulcian Health;0;;;;;;
354;Dunn Solutions;0;;;;;;
355;Duo Security;0;;;;;;
356;Dyconn;0;;;;;;;
357;Dynamed Solutions;0;;;;;
358;Dynamic Health Strategies;0;;;;;
359;Ebix;0;;;;;;;
360;EBSCO;0;;;;;;
361;ECG Management Consultants;0;;;;
362;eClinicalWorks;0;;;;;;;
363;Eclipse PPM by Upland Software;0;;;
364;Edelberg & Associates;0;;;;;
365;Edifecs;0;;;;;;
366;eHealth Technologies;0;;;;;
367;EHEALTHFILES;0;;;;;;;
368;Eide Bailly LLP;0;;;;;
369;Ekahau, Inc.;0;;;;;;
370;Electronic Payment Exchange (EPX);0;;;;
371;Elekta;0;;;;;;
372;Element Consulting Group;0;;;;;
373;Eli Lilly and Company;0;;;;
374;ELLKAY, LLC;0;;;;;;
375;Elpas;0;;;;;;;
376;Elsevier;0;;;;;;;
377;Emanate Wireless;0;;;;;;
378;EMC;0;;;;;;;
379;EmCare Inc.;0;;;;;;
380;Emdeon;0;;;;;;;
381;e-MDs;0;;;;;;;
382;Emerge CDS;0;;;;;;
383;emids;0;;;;;;;
384;Empower Systems;0;;;;;
385;EMR CONNECT;0;;;;;;
386;EMRLOGIC ACTIVEMR;0;;;;;;
387;EnableComp;0;;;;;;;
388;Encore, A Quintiles Company;0;;;;
389;ENCOUNTERPRO;0;;;;;;;
390;Endosoft;0;;;;;;;
391;ENDOVAULT;0;;;;;;;
392;Enli Health Intelligence;0;;;;;
393;Enovate Medical;0;;;;;;
394;ENSOFTEK DRCLOUD;0;;;;;;
395;Entrada;0;;;;;;;
396;EOS Healthcare;0;;;;;;
397;EPAM Systems;0;;;;;;
398;ePAY Healthcare, LLC;0;;;;;
399;Epic;0;;;;;;
400;Epiphany Healthcare;0;;;;;
401;EPOWERDOC;0;;;;;;;
402;Epson America, Inc.;0;;;;;
403;EQ Health Solutions;0;;;;
404;Eqhealth Solutions;0;;;;;;
405;Equicare Health Inc.;0;;;;;
406;eRAD;0;;;;;;;
407;Ergotron, Inc.;0;;;;;;
408;Ernst & Young;0;;;;;
409;ERx360 & Bay Area Emergency Physicians;0;;
410;ESAC, Inc.;0;;;;;;
411;ESD;0;;;;;;;
412;ESET North America;0;;;;;
413;eShields Health, Inc.;0;;;;;
414;Esignlive;0;;;;;;;
415;eSolutions, Inc;0;;;;;;
416;Espy Services, Inc.;0;;;;;
417;Esri;0;;;;;;;
418;ETC Hyperbarics;0;;;;;;
419;Etherfax, LLC;0;;;;;;
420;Etransmedia Technology, Inc;0;;;;;
421;eTransX Inc.;0;;;;;;
422;Evariant;0;;;;;;;
423;Everbridge;0;;;;;;;
424;eviCore healthcare;0;;;;;;
425;Evident;0;;;;;;;
426;eVideon;0;;;;;;;
427;Evolent Health;;0;;;;;
428;Exchangexl;0;;;;;;;
429;Excite Health Partners;0;;;;;
430;EXL Services;0;;;;;
431;Experian Health/Passport;0;;;;;;
432;Expert Global Solutions (EGS);0;;;;
433;Explorys, an IBM Company;0;;;;
434;Express Scripts;0;;;;;;
435;EXSCRIBE;0;;;;;;;
436;ExteNet Systems, Inc.;0;;;;;
437;Extension Healthcare;0;;;;;;
438;ExtraHop;0;;;;;;
439;ExtraHop Networks;0;;;;;;
440;Extreme Networks, Inc.;0;;;;;
441;EYEFORMATICS;0;;;;;;;
442;ezDI, A venture of Mediscribes Inc.;0;;
443;FairWarning;0;;;;;;
444;Fidelis Consulting, LLC;0;;;;;
445;Find-A-Code;0;;;;;;;
446;FireEye, Inc.;0;;;;;;
447;First Analysis Securities Corporation;0;;;;
448;First Databank (FDB);0;;;;;
449;First Healthcare Compliance;0;;;;;
450;First Healthcare Products, Inc.;0;;;;
451;FIRST MEDICALS SUITE;0;;;;;
452;FISCAL Technologies Inc.;0;;;;;
453;Fitango Health, Inc.;0;;;;;
454;Flash Code Solutions, LLC;0;;;;
455;FlexPrint;0;;;;;;;
456;FMS Inc.;0;;;;;;
457;FocusOne;0;;;;;;;
458;Fogo Data Centers;0;;;;;
459;Foliage;0;;;;;;;
460;FollowMe By Ringdale;0;;;;;
461;Forcepoint;0;;;;;;;
462;Forecast Health LLC;0;;;;;
463;FormFast, Inc.;0;;;;;;
464;Fort Hill Associates, LLC;0;;;;
465;Fortinet, Inc.;0;;;;;;
466;Forward Advantage;0;;;;;;
467;Forward Health Group Inc.;0;;;;
468;FPL FiberNet;0;;;;;;
469;Freedom Imaging Systems;0;;;;;
470;FTI Catalyst;0;;;;;;
471;FUJIFILM Medical Systems U.S.A., Inc.;0;;;
472;Fujitsu;0;;;;;;;
473;Fukuda Denshi;0;;;;;;
474;Futura Mobility;0;;;;;;
475;FUTURENET;0;;;;;;;
476;G4 Health Systems, Inc.;0;;;;
477;GAFFEY Healthcare;0;;;;;;
478;Galen Healthcare ;0;;;;;
479;GammaTech Computer Corporation;0;;;;;
480;GAVS Technologies;0;;;;;;
481;GBS Corp.;0;;;;;;
482;GCX Corporation;0;;;;;;
483;GE Healthcare;0;;;;;;
484;GEBBS;0;;;;;;
485;Geneia, LLC;0;;;;;;
486;General Dynamics Health Solutions;0;;;;
487;Genesis Systems, Inc.;0;;;;;
488;Genetec;0;;;;;;;
489;Genpact ;0;;;;;;
490;Getac;0;;;;;;;
491;GetWellNetwork;0;;;;;;
492;GLENWOOD GLACE EMR;0;;;;;
493;Global Credit Solutions AG;0;;;;
494;Global Recovery Alliance AG;0;;;;
495;Globalmed;0;;;;;;;
496;gMed Inc.;0;;;;;;
497;GRAND ROUNDS CRIBNOTES;0;;;;;
498;Grant Thornton LLP;0;;;;;
499;Great Valley Publishing;0;;;;;
500;Green House Data;0;;;;;
501;Greenway;0;;;;;;
502;Grendel Games;0;;;;;;
503;Greythorn, Inc.;0;;;;;;
504;Guard RFID Solutions;0;;;;;
505;GuardiCore;0;;;;;;;
506;Halfpenny Technologies, Inc.;0;;;;;
507;Halley Consulting Group, The;0;;;;
508;Halogen Software;0;;;;;
509;Harbinger Systems;0;;;;;;
510;Harmony Healthcare;0;;;;;;
511;Harris Corporation;0;;;;;;
512;Hawes Financial Group;0;;;;;
513;Hayes Management Consulting;0;;;;
514;HBCS;0;;;;;;;
515;HBI Solutions;0;;;;;;
516;HCA;0;;;;;;;
517;HCCA Health Connections;0;;;;
518;HCFS, Inc.;0;;;;;;
519;HCI Group, The;0;;;;;
520;HCL;0;;;;;;
521;HCS;0;;;;;;;
522;HCTec Partners;0;;;;;
523;HDI;0;;;;;;;
524;Health Business Solutions, Inc.;0;;;;
525;Health Care Systems Inc;0;;;;
526;Health Catalyst;0;;;;;;
527;Health Connect Partners;0;;;;;
528;Health Data Specialists, LLC;0;;;;
529;Health;Endeavors;0;;;;;;
530;Health;First;0;;;;;;
531;Health;Forum;0;;;;;;
532;HEALTH;MANAGEMENT;SYSTEMS;INC;0;;;;
533;Health;Payment;Systems;0;;;;;
534;Health;Services;Advisory;Group;0;;;;
535;Healthagen;0;;;;;;;
536;Healthasyst;0;;;;;;;
537;HealthCare Appraisers, Inc.;0;;;;;
538;Healthcare Business Insights;0;;;;;
539;Healthcare Financial Resources, Inc.;0;;;;
540;Healthcare Insights, LLC;0;;;;;
541;Healthcare Outsourcing Network;0;;;;;
542;Healthcare Payment Specialists;0;;;;;
543;Healthcare Resource Group;0;;;;;
544;Healthcare Revenue Strategies, LLC;0;;;;
545;HealthCare Scouts, Inc. 0;;;;;
546;HealthcareSource;;0;;;;;;
547;HealthCast, Inc.;0;;;;;;
548;Healthedge;0;;;;;;
549;HealthExpense;0;;;;;;;
550;Healthfinch;0;;;;;;;
551;HEALTHFUSION MEDITOUCH;0;;;;;;
552;Healthgrades;0;;;;;;;
553;HealthGrid;0;;;;;;;
554;Healthjump;0;;;;;;;
555;Healthland;0;;;;;;;
556;HealthLevel;0;;;;;;;
557;HealthLoop;0;;;;;;;
558;HealthMEDX;0;;;;;;
559;HealthMetrics;0;;;;;;;
560;HealthPartners;0;;;;;;
561;HealthPay24 (Imagevision.net);0;;;;;;
562;HealthPort;0;;;;;;
563;Healthqx;0;;;;;;
564;HealthStream;0;;;;;;
565;Healthwatch Ltd;0;;;;;;
566;Healthwise, Inc.;0;;;;;;
567;HealthWyse;0;;;;;;
568;Hearst Health;0;;;;;;
569;Hello Health Inc.;0;;;;;
570;HELP Financial Corporation;0;;;;;
571;Henry Elliott & Company, Inc.;0;;;
572;Henry Schein MicroMD;0;;;;;
573;Hewlett Packard Enterprise;0;;;;;
574;Hexaware;0;;;;;;
575;HGS;0;;;;;;;
576;High Cotton;0;;;;;;
577;himagine solutions;0;;;;;;
578;HIMSS Analytics;0;;;;;;
579;Hinduja Global;0;;;;;
580;HipLink Software;0;;;;;;
581;Hitachi Data Systems;0;;;;;
582;HMS;0;;;;;;;
583;Holliday & Associates;0;;;;;
584;Hollis Cobb Associates, Inc.;0;;;;
585;Honeywell;0;;;;;;;
586;Hospira, A Pfizer Comapny;0;;;;
587;Hospital Physician Partners;0;;;;;
588;Howard Medical;0;;;;;;
589;HSM Consulting;0;;;;;;
590;H-Source;0;;;;;;;
591;Human Arc;0;;;;;;
592;Humana Inc.;0;;;;;;
593;HumanityCorp LLC;0;;;;;;
594;Humanscale;0;;;;;;;
595;HUMETRIX;0;;;;;;;
596;Huron Consulting Group;0;;;;;
597;Hyland Software, Inc.;0;;;;;
598;I.C. System, Inc.;0;;;;;
599;i2i Systems;0;;;;;
600;Iatric Systems, Inc.;0;;;;;
601;IBM;0;;;;;;
602;IBM Watson;0;;;;;;
603;Iboss Cybersecurity;0;;;;;;
604;ICA;0;;;;;;
605;iCare;0;;;;;;;
606;IGATE;0;;;;;;
607;IKnowMed;0;;;;;;;
608;IMAT Solutions;0;;;;;;
609;iMDsoft;0;;;;;;
610;ImedX, Inc.;0;;;;;;
611;Impact Advisors;0;;;;;
612;Impinj;0;;;;;;;
613;Imprivata;0;;;;;;;
614;IMS,Inc.;0;;;;;;
615;Inada USA;0;;;;;;
616;Indegene;0;;;;;;;
617;Indukey North America;0;;;;;
618;INetU, a ViaWest Company;0;;;;
619;Infina Connect;0;;;;;;
620;Infinite Convergence;0;;;;;;
621;INFINITT;0;;;;;;
622;Influence Health;0;;;;;
623;InfoGard, a UL Company;0;;;;
624;InfoPartners, Inc.;0;;;;;;
625;Infor;0;;;;;;
626;INFORIA CAREGIVER;0;;;;;;
627;Informatica;0;;;;;;;
628;Infosys;0;;;;;;
629;Ingenious Med, Inc.;0;;;;;
630;Ingine Inc;0;;;;;;
631;Ingram Micro;0;;;;;;
632;inMediata;0;;;;;;;
633;Innovatient;0;;;;;;;
634;Innovative Consulting Group;0;;;;;
635;Inovalon;0;;;;;;;
636;Insight Direct USA, Inc.;0;;;;
637;InstaMed;0;;;;;;;
638;Intehealth;0;;;;;;
639;Intel Corporation;0;;;;;;
640;Intelemage;0;;;;;;;
641;Intelerad Medical Systems;0;;;;;
642;InteliChart;0;;;;;;
643;Intelligent Health Pavilion;0;;;;;
644;Intelligent InSites, Inc.;0;;;;;
645;Interbit Data Inc;0;;;;;
646;InterComponentWare, Inc.;0;;;;;;
647;InterDyn BMI;0;;;;;;
648;Interpreta;0;;;;;;;
649;InterSystems Corporation;0;;;;;;
650;Intouch Health;0;;;;;;
651;Intrigma Inc;0;;;;;;
652;IntrinsiQ;0;;;;;;
653;INUVIO, Inc;0;;;;;;
654;Inworks;0;;;;;;;
655;IO PRACTICEWARE;0;;;;;;
656;iPatientCare, Inc.;0;;;;;;
657;Iron Mountain;0;;;;;;
658;Ironkey;0;;;;;;
659;iSalus;0;;;;;;;
660;Island Medical Management;0;;;;;
661;ISM OMNI EHR;0;;;;;
662;ITC INFOTECH;0;;;;;;
663;ITI Technology;0;;;;;;
664;iTriage;0;;;;;;;
665;iVEDIX Inc.;0;;;;;;
666;IWT, Inc.;0;;;;;;
667;J2 Interactive;0;;;;;
668;JACO, Inc.;0;;;;;;
669;Jacobus;0;;;;;;
670;Jama Software;0;;;;;;
671;JAMF Software;0;;;;;;
672;Jellyfish Health;0;;;;;;
673;Jeron Electronic Systems, Inc.;0;;;;
674;Jetico Inc. Oy;0;;;;;
675;Jetmobile Americas;0;;;;;;
676;JETRO;0;;;;;;;
677;Jitterbit;0;;;;;;;
678;Jive Software;0;;;;;;
679;Johnson Controls, Inc.;0;;;;;
680;Jopari Solutions;0;;;;;;
681;JP Morgan;0;;;;;;
682;Jvion;0;;;;;;
683;Kaiser Permanente;0;;;;;;
684;Kareo;0;;;;;;
685;Karos Health;0;;;;;;
686;Kaseya;0;;;;;;;
687;Kaspersky Lab;0;;;;;;
688;Kaufman, Hall & Associates, LLC;0;;;
689;Keeper Security, Inc.;0;;;;;
690;KeepItSafe;0;;;;;;;
691;KEYCHART EMR;0;;;;;;
692;Kforce;0;;;;;;;
693;Kinnser;0;;;;;;
694;Kinnser Software;0;;;;;;
695;Kirby Partners, Inc.;0;;;;;
696;KISI;0;;;;;;;
697;Kno2;0;;;;;;;
698;Koamtac, Inc.;0;;;;;;
699;Kofax;0;;;;;;;
700;Konica Minolta;0;;;;;;
701;KORE Telematics;0;;;;;;
702;KPMG;0;;;;;;
703;Kronos, Inc.;0;;;;;;
704;Kryptiq;0;;;;;;;
705;Kurt Salmon;0;;;;;
706;Kyruus;0;;;;;;;
707;LabCorp;0;;;;;;;
708;Laitek, Inc.;0;;;;;;
709;Lancesoft, Inc.;0;;;;;;
710;LEAD Technologies, Inc.;0;;;;;
711;Leafsprout Technologies;0;;;;;;
712;Legacy Data Access;0;;;;;
713;Leidos Health;0;;;;;
714;Lenovo;0;;;;;;;
715;LEONARDOMD;0;;;;;;;
716;LetterLogic;0;;;;;;;
717;Level 3 Communications, Llc;0;;;;
718;LexiCode;;0;;;;;;
719;LexisNexis;0;;;;;;;
720;Lexmark Healthcare;0;;;;;;
721;Liaison Healthcare;0;;;;;;
722;Liberty Solutions, Inc.;0;;;;;
723;Lifebridge Health;0;;;;;;
724;lifeIMAGE;0;;;;;;
725;LifeMed ID;0;;;;;;
726;Lifepoint Informatics;0;;;;;;
727;LifeScience Technologies, LLC;0;;;;;
728;Lightbeam Health Solutions;0;;;;;
729;Lightning Bolt Solutions;0;;;;;
730;Lingualinx;0;;;;;;;
731;Linguamatics;0;;;;;;;
732;Litmos Healthcare;0;;;;;;
733;LiveVox, Inc.;0;;;;;;
734;Livongo Health;0;;;;;;
735;LMRPManager, LLC;0;;;;;;
736;Lockheed Martin;0;;;;;;
737;Logi Analytics;0;;;;;;
738;Logic Healthcare;0;;;;;;
739;Logicalis;0;;;;;;;
740;LOGICARE;0;;;;;;;
741;LogicNets;0;;;;;;;
742;Logicstream Health, Inc.;0;;;;;
743;Logitech Inc.;0;;;;;;
744;LogixHealth;0;;;;;;;
745;Loricca, Inc.;0;;;;;;
746;LSS DATA;0;;;;;;
747;LUMEDX;0;;;;;;
748;Lumeris;0;;;;;;;
749;Lumira, Inc.;0;;;;;;
750;Lund Industries, Inc.;0;;;;;
751;Lynx Broadband;0;;;;;;
752;M*Modal;0;;;;;;
753;M3 Solutions Technologies Inc;0;;;;
754;MACPRACTICE;0;;;;;;;
755;Macro Helix;0;;;;;
756;ManTech International Corporation;0;;;;;
757;Marconet, Inc;0;;;;;;
758;MarkLogic;0;;;;;;;
759;Marshfield Clinic Information Services;0;;;;
760;Masimo;0;;;;;;;
761;MatrixCare;0;;;;;;
762;MaxMD;0;;;;;;;
763;Maxor National Pharmacy Services, LLC;0;;;
764;Mayo Clinic Health;Solutions;;0;;;
765;Mazik Global Inc.;0;;;;;
766;McBee Associates Inc.;0;;;;;
767;MCG - part of the Hearst Health network;0
768;McGladrey LLP;0;;;;;;
769;MCIS, Inc.;0;;;;;;
770;McKesson;0;;;;;;
771;McKinnis;0;;;;;;
772;McKinsey & Company;0;;;;;
773;MD Buyline Inc.;0;;;;;
774;MD LOGIC;0;;;;;;
775;MD SYNERGY PRO EMER;0;;;;
776;MD Vision;0;;;;;;
777;MDClone;0;;;;;;;
778;MDI Solutions;0;;;;;;
779;MDLIVE;0;;;;;;;
780;MDOFFICE;0;;;;;;;
781;MDS;0;;;;;;;
782;MDSave;0;;;;;;;
783;MDsuite;0;;;;;;;
784;MDSYNERGY PRO EMR;0;;;;;
785;Mdtoolbox;0;;;;;;;
786;Med A/Rx;0;;;;;;
787;Med Advantage;0;;;;;;
788;MED INFORMATICS ENGWEBCHART;0;;;;;
789;Medable;0;;;;;;;
790;MedAptus Inc;0;;;;;;
791;Medassets;0;;;;;;;
792;MedAssist (Firstsource);0;;;;;
793;MedAware;0;;;;;;;
794;MedCPU;0;;;;;;;
795;MedCurrent;0;;;;;;;
796;MedData, Inc.;0;;;;;;
797;MedeAnalytics;0;;;;;;;
798;Medecision, Inc.;0;;;;;;
799;Medelinked;0;;;;;;;
800;MEDFLOW;0;;;;;;;
801;Medfusion;0;;;;;;
802;MEDfx Corporation;0;;;;;;
803;MEDHOST;0;;;;;;;
804;Medical Device Logistics LLC;0;;;;
805;MEDICAL MASTERMIND;0;;;;;;
806;Medical Quest, Inc.;0;;;;;
807;Medical Reimbursements of America, Inc. (MRA);0;;
808;Medicalis Corporation;0;;;;;;
809;MedicalMine Inc.;0;;;;;;
810;MedicaSoft;0;;;;;;;
811;Medicast;0;;;;;;;
812;MedicFP;0;;;;;;;
813;Medicity, A Healthagen Business;0;;;;
814;Medicomp Systems, Inc.;0;;;;;
815;Medicscan By Acuant;0;;;;;
816;MEDINFORMATIX;0;;;;;;;
817;MedInformatix;;0;;;;;;
818;MediQuant, Inc.;0;;;;;;
819;MediRevv;0;;;;;;
820;MediRevv, Inc.;0;;;;;;
821;MediSafe Inc.;0;;;;;;
822;Medisas;0;;;;;;;
823;Medisolv;0;;;;;;
824;Medisolv, Inc.;0;;;;;;
825;MEDITAB IMS;0;;;;;;
826;MEDITECH;0;;;;;;;
827;Medivizor;0;;;;;;;
828;MEDIX Consulting;0;;;;;;
829;MedKoder, LLC;0;;;;;;
830;MedMatica;0;;;;;;
831;MEDNET EMR4MD;0;;;;;;
832;Medocity;0;;;;;;;
833;MEDPLUS QUEST CARE360;0;;;;;
834;MEDSPHERE OPEN VISTA;0;;;;;
835;MedStream;0;;;;;;;
836;MedSys Group;;0;;;;;
837;Medtronic;0;;;;;;;
838;MEDUSA MEDPRIME;0;;;;;;
839;Medventive;;0;;;;;;
840;MEDWORXS EVOLUTION;0;;;;;;
841;Medworxx;0;;;;;;;
842;Medxcom;0;;;;;;;
843;Meehealth Information Technologies;0;;;;;
844;Megaputer Intelligence;0;;;;;;
845;Merge, an IBM Company;0;;;;
846;Meridian Medical Management;;0;;;;
847;METACARE;0;;;;;;;
848;MHN Consilink Group;0;;;;;
849;Micro Star, Inc.;0;;;;;
850;MicroAge;0;;;;;;;
851;MICROFOUR PRACTICESTUDIO;0;;;;;;
852;Microsoft;0;;;;;;;
853;MicroStrategy;0;;;;;;
854;mihealth Global Systems Inc;0;;;;
855;Millennium Trust Company;0;;;;;
856;Mindray North America;0;;;;;
857;MiraMed;0;;;;;;;
858;Mirth;0;;;;;;;
859;MITRE;0;;;;;;;
860;moBack;0;;;;;;;
861;Modernizing Medicine;0;;;;;
862;Mophie;0;;;;;;;
863;Morgan Hunter Healthcare;0;;;;;
864;Mosaica Partners;0;;;;;;
865;mPulse Mobile;0;;;;;;
866;MRO;0;;;;;;;
867;MTBC;0;;;;;;
868;MTBC CHARTSPRO;0;;;;;;
869;MultiTech;0;;;;;;;
870;NantHealth;0;;;;;;
871;Nautilus Medical;0;;;;;;
872;Navicure, Inc.;0;;;;;;
873;Navigant Healthcare Cymetrix;0;;;;;
874;naviHealth;0;;;;;;;
875;NaviNet, Inc.;0;;;;;;
876;NavisHealth;0;;;;;;;
877;NaviSite;0;;;;;;;
878;NCG PERFECT CARE;0;;;;;
879;NCS Technologies, Inc.;0;;;;;
880;Nearterm Corporation;0;;;;;;
881;NEC America;0;;;;;;
882;NEOMED EHR;0;;;;;;
883;NET HEALTH AGILITY;0;;;;;
884;NetApp;0;;;;;;;
885;NetCentric Technologies;0;;;;;;
886;Netlocity;0;;;;;;;
887;Netmail Inc.;0;;;;;;
888;NETSCOUT;0;;;;;;;
889;Netsmart;0;;;;;;;
890;NetSuite;0;;;;;;
891;Netsurion;0;;;;;;;
892;NewCrop;0;;;;;;;
893;Newmark Grubb Knight Frank;0;;;;
894;Nexlink Communications;0;;;;;;
895;Next Wave Connect;0;;;;;
896;NEXTECH;0;;;;;;;
897;NextGate;0;;;;;;
898;NextGen Healthcare;0;;;;;
899;Nextrials;0;;;;;;;
900;Nexus Connected Healthcare;0;;;;;
901;Nexus Systems;0;;;;;;
902;NHI Billing Services;0;;;;;
903;Nielsen Healthcare Group;0;;;;;
904;Nimble Storage;0;;;;;;
905;NIST;0;;;;;;;
906;Noble Systems;0;;;;;;
907;Nomise;;0;;;;;;
908;NoMoreClipboard.com;0;;;;;;;
909;Noom Inc.;0;;;;;;
910;Nordic;0;;;;;;;
911;NORTEC;0;;;;;;;
912;North Highland;0;;;;;;
913;Northrop Grumman Corp.;0;;;;;
914;Novacoast Inc.;0;;;;;;
915;Novant Health;0;;;;;;
916;Novarad Corporation;0;;;;;;
917;Novation LLC;0;;;;;;
918;NTS;0;;;;;;;
919;NTT DATA, Inc;0;;;;;
920;Nuance Communications;0;;;;;;
921;NUESOFT;0;;;;;;;
922;Nutanix;0;;;;;;;
923;Nuvon;0;;;;;;
924;Nuxiba Technologies U.S.A.;0;;;;;
925;nVoq Inc.;0;;;;;;
926;OA SYSTEMS PANACEA;0;;;;;
927;Oblong Industries;0;;;;;;
928;OBS Medical Ltd;0;;;;;
929;OCCAM;0;;;;;;;
930;OCR Solutions, Inc.;0;;;;;
931;Odoro;0;;;;;;;
932;Odyssey Information Services;0;;;;;
933;OIC Advance;0;;;;;;
934;Olah Healthcare Technology;0;;;;;
935;Oliver Wyman Actuarial Consulting;0;;;;
936;Olympus America Inc.;0;;;;;
937;Omnicell, Inc.;0;;;;;;
938;OmniMD;0;;;;;;
939;OnBase by Hyland;0;;;;;
940;One Advantage, LLC a Firstsource Company;0;;
941;Onedx;0;;;;;;;
942;Onelife Health;0;;;;;;
943;OneMedNet Corporation;0;;;;;;
944;Onepath;0;;;;;;;
945;Oneview Healthcare;0;;;;;;
946;OnPlan Health;0;;;;;;
947;OnRamp;0;;;;;;;
948;Ontario Systems Corporation;0;;;;;
949;ONYX Healthcare, Inc.;0;;;;;
950;openDoctor;0;;;;;;;
951;openDr;0;;;;;;;
952;OpenMarkets;0;;;;;;;
953;OpenSky Corporation;0;;;;;;
954;OpenText;0;;;;;;;
955;OpGen;0;;;;;;;
956;Opisoftcare;0;;;;;;;
957;Optimal Solutions Group, LLC;0;;;;
958;Optimum Healthcare;IT;0;;;;;
959;OPTIMUS EMR;0;;;;;;
960;Optum;0;;;;;;
961;Optum360;0;;;;;;
962;OPTUMINSIGHT;0;;;;;;;
963;Oracle;0;;;;;;
964;Orchard Software;0;;;;;;
965;Orchestrate Healthcare;0;;;;;
966;Orion Health;0;;;;;;
967;OSG Billing Services;0;;;;;
968;Otter Products;0;;;;;;
969;OVAG International;0;;;;;;
970;Ovation Revenue Cycle Services;0;;;;
971;Ovum;0;;;;;;;
972;Oxford Healthcare IT;0;;;;
973;OxyHeal Health Group;0;;;;;
974;PA Consulting Group;0;;;;;
975;PACSHealth;0;;;;;;
976;Palo Alto Networks;0;;;;
977;Panacea Healthcare Solutions, Inc.;0;;;;
978;Panasonic;0;;;;;;
979;PAR Excellence;0;;;;;
980;Parable Health;0;;;;;;
981;Paradigm;0;;;;;;;
982;Parallon Business Solutions;0;;;;
983;Park Place International;0;;;;;
984;Pascal Metrics Inc.;0;;;;;
985;Patient Point;0;;;;;;
986;Patient Prompt;0;;;;;;
987;Patient Safety & Quality Healthcare;0;;;
988;PatientBond, LLC;0;;;;;;
989;Patientco;0;;;;;;;
990;PatientKeeper, Inc.;0;;;;;;
991;PatientMatters, LLC;0;;;;;;
992;Patientpoint;0;;;;;;;
993;PatientRoute Systems;0;;;;;;
994;PatientSafe Solutions;0;;;;;;
995;patientslikeme;0;;;;;;;
996;PatientWorks;0;;;;;;;
997;Paxeramed Corp;0;;;;;;
998;Payoda Inc;0;;;;;;
999;PaySpan, Inc.;0;;;;;;
1000;PC Connection, Inc.;0;;;;
1001;PCC EHR;0;;;;;;
1002;PCI Group, Inc.;0;;;;;
1003;Pegasystems;0;;;;;;;
1004;Penn Credit Corporation;0;;;;;
1005;PenRad;0;;;;;;;
1006;PEPID, LLC;0;;;;;;
1007;PeraHealth;0;;;;;;;
1008;Perfect Phorm;0;;;;;;
1009;PerfectServe Inc;0;;;;;;
1010;Perficient Inc.;0;;;;;;
1011;Performance Logic, Inc.;0;;;;;
1012;Peripheral Resources, Inc.;0;;;;;
1013;Persistent Systems;0;;;;;;
1014;Persivia;0;;;;;;;
1015;Perspecsys;0;;;;;;
1016;PFS Group;0;;;;;;
1017;Pharmright Corporation;0;;;;;;
1018;Philips;0;;;;;;;
1019;Phononic;0;;;;;;;
1020;Phreesia;0;;;;;;
1021;Phunware, Inc.;0;;;;;;
1022;PHYMEDICA;0;;;;;;;
1023;PHYND Technologies;0;;;;;;
1024;Physician Network Advantage;0;;;;;
1025;Physician Technology Partners;0;;;;;
1026;Physicians Practice;0;;;;;;
1027;physIQ;0;;;;;;;
1028;Phytel;0;;;;;;;
1029;Picis Clinical Solutions;0;;;;;
1030;PillTracker Ltd.;0;;;;;;
1031;pingmd, Inc.;0;;;;;;
1032;Pivot Design Group;0;;;;;
1033;Plante Moran;0;;;;;
1034;Plantronics;0;;;;;;;
1035;PLATINUM;0;;;;;;;
1036;Plexus Technology Group, LLC;0;;;;
1037;PMMC;0;;;;;;;
1038;PNA Technologies;0;;;;;;
1039;PNC Healthcare;0;;;;;;
1040;POINT & CLICK OPENCHART;0;;;;
1041;PointClickCare;0;;;;;;
1042;PokitDok;0;;;;;;;
1043;Polywell Computers, Inc.;0;;;;;
1044;Posiflex;0;;;;;;;
1045;Power-Sonic Corporation;0;;;;;;
1046;Practical Data Solutions;0;;;;;
1047;Practice Fusion;0;;;;;
1048;Practice Insight;0;;;;;
1049;Practice Velocity;0;;;;;
1050;PracticeCompass;0;;;;;;;
1051;PRACTICEMAX;0;;;;;;;
1052;Praxify Technologies, Inc;0;;;;;
1053;Praxis;0;;;;;;;
1054;Precyse;0;;;;;;
1055;Predilytics;0;;;;;;
1056;Premier, Inc.;0;;;;;;
1057;Presidio;0;;;;;;
1058;Press Ganey;0;;;;;;
1059;Prevalent;0;;;;;;;
1060;PricewaterhouseCoopers LLP;0;;;;;;
1061;Prime Technology Group, Inc.;0;;;;
1062;PrinterLogic;0;;;;;;;
1063;Privacy Analytics, Inc.;0;;;;;
1064;PrivateVue.com;0;;;;;;;
1065;ProAssurance Companies;0;;;;;;
1066;Proclip USA;0;;;;;;
1067;ProCred Provider Enrollment/Credentialing. A division of PBC, Inc.;0
1068;Prodigo Solutions;0;;;;;;
1069;Professional Finance;Company, Inc.;0;;;;
1070;Proficio, Inc;0;;;;;;
1071;ProfitStars;0;;;;;;;
1072;Progeny Systems Corp;0;;;;;
1073;PROGNOSIS CHARTACCESS;0;;;;;;
1074;Progressive Management Systems;0;;;;;
1075;Prominence;0;;;;;;
1076;ProofPoint;0;;;;;;
1077;Propeller Health;0;;;;;;
1078;Protiviti Inc.;0;;;;;;
1079;Proximity Systems, Inc.;0;;;;;
1080;PULSE;0;;;;;;;
1081;Pulse Systems, Inc.;0;;;;;
1082;PureStorage;0;;;;;;
1083;Pursuit Healthcare Advisors;0;;;;;
1084;PUSH Wellness Solutions, Inc.;0;;;;
1085;Pyramid Healthcare Solutions, Inc.;0;;;;
1086;Qlik;0;;;;;;
1087;QPID Health Inc.;0;;;;;
1088;QSI NEXTGEN;0;;;;;;
1089;QTS;0;;;;;;;
1090;QuadraMed Corporation;0;;;;;;
1091;Qualcomm Life, Inc. and Capsule Tech;0;;
1092;Qualifacts;0;;;;;;
1093;QualiTest Group;0;;;;;;
1094;Quammen Health Care Consultants;0;;;;
1095;Quantant Technology Inc.;0;;;;;
1096;Quest Care360 Medplus;0;;;;
1097;Quest Chartmaxx;0;;;;;
1098;Quest Diagnostics;0;;;;;;
1099;Questica;0;;;;;;;
1100;Quintiles;0;;;;;;;
1101;Qvera;0;;;;;;;
1102;Radius Global Solutions;0;;;;;
1103;RADMAX;0;;;;;;;
1104;RadNet;0;;;;;;
1105;RAINTREE SYSTEMS;0;;;;;;
1106;Ram Mounting Systems;0;;;;;
1107;RamSoft, Inc.;0;;;;;;
1108;Ranj Serious Games;0;;;;;
1109;Rapid Healthcare Inc.;0;;;;;
1110;Rational Surgical Solutions;0;;;;;
1111;RAZORINSIGHTS;0;;;;;;;
1112;RCM Enterprise Services;0;;;;;
1113;RDX;0;;;;;;;
1114;Real Enterprise Synergy;;0;;;;
1115;Receivia/NRS;0;;;;;;;
1116;Recondo Technology;0;;;;;
1117;RedBrick Health;0;;;;;;
1118;Redox Engine;0;;;;;;
1119;Redspin, an Auxilio Company;0;;;;
1120;Reese Consulting Group;0;;;;;
1121;Rehab Care Group Inc.;0;;;;
1122;Reimbursement Services Group, Inc.;0;;;;
1123;RelayHealth;0;;;;;;
1124;RELI MED;0;;;;;;
1125;RemitDATA, Inc.;0;;;;;;
1126;RES Software;0;;;;;;
1127;Resource Corporation of America;0;;;;
1128;Revation Systems;0;;;;;;
1129;RevClaims;0;;;;;;;
1130;Revenue Masters;0;;;;;;
1131;RevSpring, Inc.;0;;;;;;
1132;RF IDeas;0;;;;;;
1133;RICOH USA;0;;;;;;
1134;Rightcare Solutions, Inc;0;;;;;
1135;RightPatient®;0;;;;;;;
1136;RingCentral, Inc;0;;;;;;
1137;Rise Health;0;;;;;;
1138;Riskrecon;0;;;;;;;
1139;Rivet Logic;0;;;;;;
1140;Robert Half Technology;0;;;;;
1141;Roche Diagnostics;0;;;;;;
1142;RR Donnelley;0;;;;;;
1143;RSource Healthcare;0;;;;;;
1144;Rubbermaid Healthcare;0;;;;;;
1145;Runnertech;0;;;;;;;
1146;RxREVU, Inc.;0;;;;;;
1147;RXSAFE, LLC;0;;;;;;
1148;Rycan;0;;;;;;;
1149;SA Ignite;0;;;;;;
1150;Sagacious Consultants;0;;;;;;
1151;SAI Global Compliance;0;;;;;
1152;SAIC;0;;;;;;;
1153;Salar, Inc.;0;;;;;;
1154;Salesforce;0;;;;;;;
1155;Salucro;0;;;;;;;
1156;Samsung Electronics;0;;;;;;
1157;Sandlot Solutions;0;;;;;;
1158;Sansoro Health;0;;;;;;
1159;Santa Cruz HIE;0;;;;;
1160;Santa Rosa Consulting, Inc.;0;;;;
1161;SAP;0;;;;;;
1162;SAS Institute, Inc.;0;;;;;
1163;Savance Health;0;;;;;;
1164;SCC Soft Computer;0;;;;;
1165;Schlage Biometrics;0;;;;;;
1166;SCI Solutions;;0;;;;;
1167;Science Applications International Corporation (SAIC);0;;;
1168;ScienceLogic;0;;;;;;;
1169;SCIO Health Analytics;0;;;;;
1170;Scrypt, Inc.;0;;;;;;
1171;Seagate;0;;;;;;;
1172;Seal Shield;0;;;;;;
1173;Sectra;0;;;;;;;
1174;Secure Care Products;0;;;;;
1175;Secure Data Ltd;0;;;;;
1176;Secure Exchange Solutions;0;;;;;
1177;SecureAuth;0;;;;;;;
1178;Securelink;0;;;;;;;
1179;Securenetmd, LLC;0;;;;;;
1180;Securitymetrics;0;;;;;;;
1181;Securonix;0;;;;;;;
1182;Self Health Network;0;;;;;
1183;Sensible Medical Innovations;Ltd.;0;;;;
1184;Sensium Healthcare, Inc.;0;;;;;
1185;Sentrian, Inc.;0;;;;;;
1186;Sentry Data Systems, Inc.;0;;;;
1187;SEP Software Corp.;0;;;;;
1188;SEQUELMED;0;;;;;;;
1189;SEVOCITY;0;;;;;;;
1190;SHAMS GROUP;0;;;;;;
1191;Shasta Networks;0;;;;;;
1192;Sheridan Healthcare, Inc.;0;;;;;
1193;SHERLOQ Solutions;0;;;;;;
1194;ShiftWise?;0;;;;;;;
1195;Siemens;0;;;;;;
1196;Sigmacare;0;;;;;;;
1197;Signet Accel, LLC;0;;;;;
1198;Signotec GmbH;0;;;;;;
1199;Silvervue;0;;;;;;;
1200;Simplee;0;;;;;;;
1201;SIMPLIFYMD;0;;;;;;;
1202;Singlewire Software;0;;;;;;
1203;Sisoft Healthcare Information Systems;0;;;;
1204;SK&A;0;;;;;;;
1205;Skylight;;0;;;;;;
1206;Skytron;0;;;;;;;
1207;Slabb Kiosks;0;;;;;;
1208;Sláinte Healthcare;0;;;;;;
1209;SLI Global Solutions;0;;;;;
1210;Smart Source Services - Integrated Patient Communications;0;
1211;SmartBrief, Inc.;0;;;;;;
1212;Smartlink Mobile Systems;0;;;;;
1213;Smartlinx Solutions;0;;;;;;
1214;Smiths Medical;0;;;;;;
1215;SnapMD;0;;;;;;;
1216;Snow Software, Inc;0;;;;;
1217;Snowbound Software;0;;;;;;
1218;Snowflake;0;;;;;;;
1219;SOAPware;0;;;;;;
1220;Socius Marketing;0;;;;;;
1221;Softek Solutions Inc.;0;;;;;
1222;Softheon, Inc;0;;;;;;
1223;SoftServe;0;;;;;;;
1224;Softwareone;0;;;;;;;
1225;Sonexis Technology, Inc.;0;;;;;
1226;SONIFI Health;0;;;;;;
1227;Sonitor Technologies, Inc.;0;;;;;
1228;Sony Electronics Inc.;0;;;;;
1229;Sotera Wireless;0;;;;;;
1230;SOURCE, Inc.;0;;;;;;
1231;SourceHOV;0;;;;;;;
1232;SourceMedical;0;;;;;;
1233;Spacelabs Healthcare;0;;;;;;
1234;Spadafy;0;;;;;;;
1235;Sparksoft;0;;;;;;;
1236;Special Care Unit;0;;;;;
1237;Spectralink Corporation;0;;;;;;
1238;SpectraMedix;0;;;;;;;
1239;Spectrum Medical, Inc.;0;;;;;
1240;SPH Analytics;;0;;;;;
1241;SPI Global;0;;;;;
1242;Splash Box Marketing;0;;;;;
1243;Splunk;0;;;;;;;
1244;Spok, Inc.;0;;;;;;
1245;SPRING MEDICAL SPRING CHARTS;0;;;;
1246;SRG Technology;0;;;;;;
1247;SRI International;0;;;;;;
1248;SRSsoft;0;;;;;;;
1249;SSI Group;;0;;;;;
1250;Standard Register;0;;;;;;
1251;Stanley Healthcare;0;;;;;;
1252;Stanson Health LLC;0;;;;;
1253;Stark Medical Auditing;0;;;;;
1254;STAR-MED STAR-TRAC;0;;;;;;
1255;Stat Imaging Solutions;0;;;;;
1256;State Collection Service, Inc.;0;;;;
1257;StayWell;0;;;;;;;
1258;Stella Technology;0;;;;;;
1259;Stericycle;0;;;;;;;
1260;Stibo Systems;Inc.;0;;;;;
1261;Stoltenberg Consulting, Inc.;0;;;;;
1262;Stoneleigh Recovery Associates, LLC;0;;;;
1263;Stormpath;0;;;;;;;
1264;Strata Decision Technology;0;;;;;
1265;Stratasys, Inc.;0;;;;;;
1266;Strategic Information Technology Ltd.;0;;;;
1267;Strategy Companion;0;;;;;;
1268;Stratice Healthcare;0;;;;;;
1269;Stratus EMR;0;;;;;;
1270;Streamline Health;0;;;;;;
1271;Strongarm Design, Inc.;0;;;;;
1272;SUCCESS EHR;0;;;;;;
1273;SUITEMED;0;;;;;;;
1274;Summit Healthcare;0;;;;;;
1275;Sunbelt Medical International;0;;;;;
1276;Sungard Availability Services;0;;;;;
1277;Sunquest Information Systems, Inc.;0;;;;
1278;SunStone Consulting,;LLC;0;;;;;
1279;Surescripts;;0;;;;;;
1280;Surgical Information Systems (SIS);0;;;
1281;Sutherland;;0;;;;;;
1282;Swervepay Health;0;;;;;;
1283;Swishdata Corp.;0;;;;;;
1284;SwyMed;0;;;;;;;
1285;Syapse;0;;;;;;;
1286;Symantec Corporation;0;;;;;;
1287;Synergy BIS;0;;;;;;
1288;Synsormed;0;;;;;;;
1289;Syntel;0;;;;;;;
1290;Sysorex;0;;;;;;;
1291;Tableau Software;0;;;;;;
1292;Tafi;0;;;;;;;
1293;Talis Clinical;0;;;;;;
1294;Talix;0;;;;;;;
1295;Talksoft Corporation;0;;;;;;
1296;Talyst;0;;;;;;;
1297;Tangent Computer, Inc;0;;;;;
1298;Tangible Solutions, Inc.;0;;;;;
1299;Tapgenes;0;;;;;;;
1300;TargetRecruit;0;;;;;;;
1301;TASKE Technology;0;;;;;;
1302;TATA Consultancy Services;0;;;;;
1303;TCI;0;;;;;;;
1304;TeamHealth;0;;;;;;;
1305;Tech Mahindra;0;;;;;;
1306;TECSYS, Inc.;0;;;;;;
1307;Teguar Corporation;0;;;;;;
1308;Teksoft Ventures, Inc.;0;;;;;
1309;TEKsystems;0;;;;;;
1310;Telecom Brokers;0;;;;;;
1311;TeleHealth Services;0;;;;;;
1312;TeleMessage;0;;;;;;;
1313;TeleTracking Technologies;0;;;;;;
1314;Televox Software;0;;;;;;
1315;Tellennium;0;;;;;;;
1316;Telliant Systems;0;;;;;;
1317;TelmedIQ;0;;;;;;;
1318;TELUS;0;;;;;;
1319;Tente Casters, Inc.;0;;;;;
1320;Teradata;0;;;;;;;
1321;TeraRecon;0;;;;;;;
1322;TG3 Electronics;0;;;;;;
1323;The CCS Companies;0;;;;;
1324;The Coding Network, LLC;0;;;;
1325;The HCI Group;0;;;;;
1326;The Hutton Group, Inc.;0;;;;
1327;The Oncology Group;0;;;;;
1328;The PFM Group;0;;;;;
1329;The ROI Companies;0;;;;;
1330;The WFC Group;0;;;;;
1331;Thoughtwire Corp;0;;;;;;
1332;TIBCO Software, Inc.;0;;;;;
1333;TigerText;0;;;;;;
1334;TMG Health;;0;;;;;
1335;Tonic Health;0;;;;;;
1336;Toshiba;0;;;;;;
1337;Total Healthcare Excellence LLC;0;;;;
1338;Transcend Insights;0;;;;;;
1339;TransFirst;0;;;;;;;
1340;TransUnion Healthcare;0;;;;;
1341;Transworld Systems, Inc.;0;;;;;
1342;Trapx Security;0;;;;;;
1343;Trend Micro Inc;0;;;;;
1344;TRICAST;0;;;;;;;
1345;Trion, a Marsh & McLennan Agency;0;;
1346;Triple Tree;0;;;;;;
1347;Tripwire;0;;;;;;;
1348;Trizetto;0;;;;;;;
1349;TruBridge;0;;;;;;;
1350;True Sync Media;0;;;;;
1351;Trustwave;0;;;;;;;
1352;Truven Health;0;;;;;
1353;Tryten;0;;;;;;;
1354;T-System;0;;;;;;
1355;Two Point;0;;;;;;
1356;Tyto Care Ltd;0;;;;;
1357;Unify, Inc.;0;;;;;;
1358;United Audit Systems, Inc. - UASI;0;;
1359;United Healthcare;0;;;;;
1360;Universal Fidelity LP;0;;;;;
1361;Universal Patient Key Inc.;0;;;;
1362;Updox;0;;;;;;;
1363;VALANT;0;;;;;;;
1364;Valek & Company;0;;;;;
1365;Valence Health;0;;;;;;
1366;Valera Health;0;;;;;;
1367;Validic;0;;;;;;;
1368;Valify;0;;;;;;;
1369;Valinsky Consulting;0;;;;;;
1370;Varian Medical Systems;0;;;;;
1371;Vasco Data Security;0;;;;;
1372;Vecna Technologies, Inc.;0;;;;;
1373;Vee Technologies USA;0;;;;;
1374;Veeam Software;0;;;;;;
1375;Velocity Technology Solutions, Inc.;0;;;;
1376;Verato;0;;;;;;;
1377;VeriFacts, Inc.;0;;;;;;
1378;Verisk Health;0;;;;;
1379;Verisma Systems, Inc.;0;;;;;
1380;Veritas;0;;;;;;;
1381;VeritySource;0;;;;;;;
1382;Verizon;0;;;;;;;
1383;VERSASUITE;0;;;;;;;
1384;Versus Technology, Inc.;0;;;;;
1385;VHA Inc.;0;;;;;;
1386;VHC, Inc.;0;;;;;;
1387;Vidant Health;0;;;;;;
1388;VigiLanz;0;;;;;;;
1389;Vioguard, LLC;0;;;;;;
1390;VIPA HEALTH SMART EMR;0;;;;
1391;Virtelligence;;0;;;;;;
1392;Virtual Corporation;0;;;;;;
1393;Virtue Security LLC;0;;;;;
1394;Virtusa;;0;;;;;;
1395;Visa Inc.;0;;;;;;
1396;Viscosity North America;0;;;;;
1397;VisionWare;0;;;;;;;
1398;VisiQuate;0;;;;;;;
1399;VisiQuate Inc;0;;;;;;
1400;Visualize Health;0;;;;;;
1401;Vital;0;;;;;;;
1402;Vitality Group;0;;;;;;
1403;VitalWare;0;;;;;;;
1404;Vitaphone;0;;;;;;
1405;Viterion Corporation;0;;;;;;
1406;VitreosHealth;0;;;;;;;
1407;Viverae;0;;;;;;;
1408;Vivify Health;0;;;;;;
1409;Vivor;0;;;;;;;
1410;Viztek;0;;;;;;;
1411;VMware;0;;;;;;
1412;Vocera Communications, Inc.;0;;;;;
1413;vRad (Virtual Radiologic);0;;;;;
1414;Vree Health - Subsidiary of Merck & Co. 0
1415;Vynca Advance Care Planning;0;;;;
1416;Wachter;0;;;;;;;
1417;Wacom Technology;0;;;;;;
1418;WAITING ROOM SOLUTIONS;0;;;;;
1419;Walgreens;0;;;;;;;
1420;Walkme;0;;;;;;;
1421;Ward/Kraft, Inc.;0;;;;;;
1422;WaveWare Technologies, Inc;0;;;;;
1423;Waypoint;0;;;;;;;
1424;Webair;0;;;;;;;
1425;WEBEDOCTOR;0;;;;;;;
1426;WebMD;0;;;;;;;
1427;Websense;0;;;;;;;
1428;Welch Allyn;0;;;;;;
1429;Wellcentive;;0;;;;;;
1430;Wellness Human Care; Consortium;0;;;;
1431;Wellness Layers, Inc.;0;;;;;
1432;WellnessCodes;0;;;;;;;
1433;Wellpepper, Inc.;0;;;;;;
1434;Wellsoft Corporation;0;;;;;;
1435;West;0;;;;;;;
1436;William Blair & Company;0;;;;
1437;WinguMD;0;;;;;;;
1438;WinMagic Inc;0;;;;;;
1439;Winthrop Resources Corporation;0;;;;;
1440;Wipro;;0;;;;;;
1441;WiserCare, Inc.;0;;;;;;
1442;WITS(MD), LLC;0;;;;;;
1443;Witt/Kieffer;0;;;;;;;
1444;WNS;0;;;;;;
1445;Wolters Kluwer;;0;;;;;
1446;Workday;0;;;;;;;
1447;WorkForce Software;0;;;;;;
1448;Worldpay;0;;;;;;;
1449;Woundvision, LLC;0;;;;;;
1450;Wytal;0;;;;;;;
1451;Xamin;0;;;;;;;
1452;Xbosoft;0;;;;;;;
1453;Xerox;0;;;;;;
1454;xG Health;0;;;;;
1455;XIFIN, Inc.;0;;;;;;
1456;X-Link Medical Software Interfacing;0;;;;
1457;XSolis;0;;;;;;;
1458;Xtend Healthcare;0;;;;;;
1459;Xybix Systems Inc;0;;;;;
1460;YGM Group;0;;;;;;
1461;Yorktel;0;;;;;;;
1462;YourCareUniverse;0;;;;;;;
1463;YouScript by Genelex;0;;;;;
1464;Zayo Group;0;;;;;;
1465;Zebra Technologies;0;;;;;;
1466;Zebu Compliance Solutions;0;;;;;
1467;Zen Healthcare IT;0;;;;;
1468;ZeOmega;0;;;;;;;
1469;Zerto;0;;;;;;;
1470;Zhealth Documentation, LLC;0;;;;;
1471;Ziegler;0;;;;;;;
1472;ZirMed;0;;;;;;
1473;Zobreus Medical Corporation;0;;;;;
1474;Zoll Medical Corporation;0;;;;;
1475;Zones, Inc.;0;;;;;;
1476;Zoom;0;;;;;;;
1477;Zotec Partners;0;;;;;;
1478;zPaper;0;;;;;;;
1479;Zynx;0;;;;;;;
1480;Other;0;;;;;;;